Protein	Start	End	Sequence	Entropy	Purity
DSPP	550	570	DSDSSDSSNSSDSSDSSDSD	1.1883763717345073	0.6
DSPP	580	622	DSSDSDSSDSSDSDSSDSSNSSDSSDSSDSSDSSDSSDSSDS	1.0664857211782817	0.6428571428571429
DSPP	663	719	NSSDSSDSSDSSDSSSSSDSSNSSDSSDSSDSSNSSESSDSSDSSDSDSSDSSDSS	1.2095138163107082	0.6785714285714286
DSPP	723	725	SD	1.0	0.5
DSPP	726	783	DSSNSSDSSDSSNSSDSSDSSDSSNSSDSSDSSDSSNSSDSSDSSDSSDSSDSSNSS	1.195453963391066	0.6666666666666666
DSPP	788	852	SNSSDSSDSSNSSDSSNSSDSSDSSDSSDSDSSNSSDSSNSSDSSDSSNSSDSSDSSDSSDGSD	1.3254780125989318	0.640625
DSPP	862	887	NSSDSSDSSDSSNSSDSSDSSDSNE	1.4891353321499974	0.6
DSPP	891	927	SDSSDSSNSSDSDSSDSSNSSDSSDSSNSSDSSESS	1.3145364592347786	0.6666666666666666
DSPP	936	1160	DSSNSSDSSDSSDSSNSSDSSNSSDSSNSSDSSDSNSSDSSDSSNSSDSSDSSDSSDSSDSSDSSNSSDSSDSSDSSDSSNSSDSSNSSDSSNSSDSSDSSDSSDSSDSSDSSDSSDSSNSSDSSDSSDSSDSSDSSDSSDSSDSSESSDSSDSSNSSDSSDSSDSSDSSDSSDSSDSSDSSDSSNSSDSSDSSDSSDSSDSSNSSDSSDSSESSDSSDSSDSS	1.2089843043343134	0.6651785714285714
EPIPL	2626	2633	AAAAAAA	-0.0	1.0
KRA51	8	16	GCGSSCGG	1.5	0.5
KRA51	20	32	CGGCGSGCGGCG	1.2806721295208872	0.5833333333333334
KRA51	36	43	GSGSSCC	1.5566567074628228	0.42857142857142855
KRA51	171	176	GSKGG	1.3709505944546687	0.6
KRA51	181	186	GCKGG	1.3709505944546687	0.6
KRA51	191	196	GSKGG	1.3709505944546687	0.6
KRA51	200	205	CGGCG	0.9709505944546686	0.6
MUC5A	2673	2694	TSTTSASTTSTTSASTTSTTS	1.3421389558735093	0.5238095238095238
MUC5A	2729	2742	TSTTSATTTSTTS	1.2389012566026305	0.6153846153846154
MUC5A	2760	2778	TTSTTSATTTSTTSATTT	1.224394445405986	0.6666666666666666
MUC5A	2785	2789	TSTT	0.8112781244591328	0.75
MUC5A	2793	2800	TSTTSTT	0.863120568566631	0.7142857142857143
MUC5A	3131	3142	TTSPPTTSTTS	1.4353713907745331	0.5454545454545454
MUC5A	3379	3400	TSTTSAPTTSTTSAPTTSTTS	1.651197289000798	0.5238095238095238
MUC5A	3435	3456	TSTTSSPTTSTTSATTTSTTS	1.4079824483474697	0.5714285714285714
MUC5A	3460	3463	STT	0.9182958340544896	0.6666666666666666
MUC5A	3693	3714	TSTTSAPTTSTTSAPTTSTTS	1.651197289000798	0.5238095238095238
MUC5A	3823	3849	TSSPTTSTTSAPTTSTTSAPTTSTTS	1.6673395705257974	0.5
MUC5A	3887	3897	TSPPTSSTSS	1.4854752972273344	0.5
MUC5A	4230	4249	TSTTSASTTSTTSAPTTST	1.5779772001172403	0.5263157894736842
SRCH	248	261	DDDDDDDDDDDDD	-0.0	1.0
