Protein	Start	End	Best-Peptide	Best-Coverage
DSPP	550	570	SDS	0.75
DSPP	580	622	SDS	0.928571
DSPP	663	719	SDS	0.75
DSPP	723	725	SD	1.0
DSPP	726	783	DSS	0.736842
DSPP	788	852	SSD	0.65625
DSPP	862	887	SSD	0.72
DSPP	891	927	S	0.666667
DSPP	936	1160	DSS	0.776786
EPIPL	2626	2633	A	1.0
KRA51	8	16	G	0.5
KRA51	20	32	GCG	0.75
KRA51	36	43	GS	0.571429
KRA51	171	176	G	0.6
KRA51	181	186	G	0.6
KRA51	191	196	G	0.6
KRA51	200	205	CG	0.8
MUC5A	2673	2694	STT	0.714286
MUC5A	2729	2742	TTS	0.692308
MUC5A	2760	2778	TT	0.777778
MUC5A	2785	2789	T	0.75
MUC5A	2793	2800	TST	0.857143
MUC5A	3131	3142	TTS	0.818182
MUC5A	3379	3400	TTS	0.714286
MUC5A	3435	3456	TTS	0.714286
MUC5A	3460	3463	STT	1.0
MUC5A	3693	3714	TTS	0.714286
MUC5A	3823	3849	TTS	0.692308
MUC5A	3887	3897	TS	0.6
MUC5A	4230	4249	TTS	0.631579
SRCH	248	261	D	1.0
