Best.Peptide	Count	Proportion
TTS	7	0.225806451612903
G	4	0.129032258064516
SDS	3	0.0967741935483871
SSD	2	0.0645161290322581
DSS	2	0.0645161290322581
STT	2	0.0645161290322581
A	1	0.032258064516129
S	1	0.032258064516129
SD	1	0.032258064516129
GS	1	0.032258064516129
GCG	1	0.032258064516129
CG	1	0.032258064516129
TT	1	0.032258064516129
T	1	0.032258064516129
TST	1	0.032258064516129
TS	1	0.032258064516129
D	1	0.032258064516129
