Category	Count	Percentage
0	4320	20.9606986899563
1-5	12352	59.9320718098011
5-10	2989	14.5026686074721
10-15	592	2.87239204269772
15+	357	1.73216885007278
