Category	Count	Percentage
0	613	2.97428432799612
1-5	4412	21.407083939835
5-10	7296	35.4002911208151
10-15	4793	23.2557011159631
15+	3496	16.9626394953906
