Category	Count	Percentage
0	18748	90.965550703542
1-5	1833	8.89374090247453
5-10	28	0.135856380397865
10-15	1	0.00485201358563804
15+	0	0
