Category	Count	Percentage
0	698	3.38670548277535
1-5	4608	22.3580786026201
5-10	7540	36.5841824357108
10-15	4502	21.8437651625425
15+	3262	15.8272683163513
