Category	Count	Percentage
0	13227	64.1775836972344
1-5	4890	23.72634643377
5-10	1610	7.81174187287724
10-15	543	2.63464337700146
15+	340	1.64968461911693
