Category	Count	Percentage
0	15878	77.0402717127608
1-5	4562	22.1348859776807
5-10	146	0.708393983503154
10-15	19	0.0921882581271228
15+	5	0.0242600679281902
