Category	Count	Percentage
0	14112	68.471615720524
1-5	5240	25.4245511887433
5-10	720	3.49344978165939
10-15	225	1.09170305676856
15+	313	1.51868025230471
