Category	Count	Percentage
0	11597	56.2688015526443
1-5	5385	26.1280931586608
5-10	2420	11.7418728772441
10-15	712	3.45463367297428
15+	496	2.40659873847647
