Category	Count	Percentage
0	5685	27.5836972343523
1-5	9988	48.4619116933527
5-10	3403	16.5114022319263
10-15	917	4.44929645803008
15+	617	2.99369238233867
