Category	Count	Percentage
0	5449	26.4386220281417
1-5	9695	47.0402717127608
5-10	3669	17.802037845706
10-15	1081	5.24502668607472
15+	716	3.47404172731684
