Category	Count	Percentage
0	11881	57.6467734109655
1-5	5472	26.5502183406114
5-10	2115	10.2620087336245
10-15	722	3.50315380883066
15+	420	2.03784570596798
