Category	Count	Percentage
0	20366	98.8161086851043
1-5	242	1.17418728772441
5-10	2	0.00970402717127608
10-15	0	0
15+	0	0
