Category	Count	Percentage
0	6454	31.3148956817079
1-5	12310	59.7282872392043
5-10	1481	7.18583212032994
10-15	231	1.12081513828239
15+	134	0.650169820475497
